lead_id,created_date,source,budget_tier,company_size,converted
1,2026-02-25,paid_search,mid,46,False
2,2026-05-06,event,enterprise,8,False
3,2026-04-13,paid_search,low,14,False
4,2026-05-11,paid_search,enterprise,34,False
5,2026-06-16,event,enterprise,51,False
6,2026-03-13,paid_search,low,100,False
7,2026-04-08,paid_search,enterprise,23,True
8,2026-03-29,referral,mid,5,False
9,2026-04-02,event,mid,9,True
10,2026-05-24,event,low,13,False
11,2026-05-23,organic,mid,31,False
12,2026-04-10,cold_outreach,enterprise,33,False
13,2026-04-19,organic,enterprise,102,False
14,2026-02-17,event,low,2,False
15,2026-07-04,referral,enterprise,15,False
16,2026-05-15,organic,low,49,False
17,2026-03-27,event,mid,32,False
18,2026-03-06,event,enterprise,24,True
19,2026-08-01,paid_search,mid,288,False
20,2026-02-11,paid_search,mid,48,False
21,2026-07-02,event,mid,15,False
22,2026-04-02,paid_search,enterprise,1,False
23,2026-06-29,organic,mid,8,True
24,2026-06-26,referral,enterprise,34,True
25,2026-06-04,referral,enterprise,76,False
26,2026-05-26,organic,mid,31,True
27,2026-04-01,paid_search,enterprise,22,False
28,2026-05-29,cold_outreach,low,79,True
29,2026-05-24,event,mid,20,False
30,2026-07-04,referral,enterprise,21,True
31,2026-03-05,organic,mid,19,False
32,2026-07-12,referral,enterprise,8,False
33,2026-06-22,organic,mid,34,False
34,2026-04-10,event,mid,90,False
35,2026-07-26,paid_search,low,7,True
36,2026-06-10,event,low,13,False
37,2026-04-30,paid_search,enterprise,25,False
38,2026-04-21,organic,low,3,False
39,2026-05-06,event,enterprise,22,False
40,2026-07-07,referral,enterprise,84,False
41,2026-06-07,event,mid,141,False
42,2026-04-11,cold_outreach,low,34,False
43,2026-03-11,paid_search,low,32,False
44,2026-05-06,cold_outreach,mid,15,True
45,2026-02-25,organic,low,11,False
46,2026-04-17,referral,mid,9,False
47,2026-03-14,event,enterprise,42,False
48,2026-07-18,organic,enterprise,182,False
49,2026-07-27,paid_search,enterprise,6,False
50,2026-04-27,event,enterprise,1,False
51,2026-03-06,organic,mid,4,False
52,2026-07-16,cold_outreach,enterprise,16,False
53,2026-04-02,cold_outreach,low,3,False
54,2026-02-23,referral,enterprise,29,False
55,2026-04-27,referral,enterprise,16,False
56,2026-06-19,event,enterprise,10,True
57,2026-06-24,organic,mid,44,False
58,2026-05-10,referral,mid,14,False
59,2026-07-07,organic,mid,18,True
60,2026-07-05,organic,enterprise,9,False
61,2026-05-04,event,mid,35,False
62,2026-02-23,paid_search,enterprise,2,False
63,2026-07-06,event,enterprise,46,False
64,2026-02-19,paid_search,mid,41,True
65,2026-05-16,organic,low,22,False
66,2026-05-16,paid_search,enterprise,6,False
67,2026-04-27,event,mid,28,False
68,2026-06-20,referral,enterprise,2,False
69,2026-05-11,referral,low,26,True
70,2026-03-09,event,low,4,False
71,2026-02-18,event,enterprise,36,False
72,2026-02-22,organic,mid,37,False
73,2026-07-29,organic,mid,83,False
74,2026-07-11,referral,low,55,False
75,2026-02-11,referral,mid,11,True
76,2026-08-06,event,low,18,False
77,2026-03-28,cold_outreach,enterprise,19,False
78,2026-07-13,paid_search,low,42,False
79,2026-05-30,organic,low,10,False
80,2026-08-05,cold_outreach,mid,21,False
81,2026-02-18,event,enterprise,47,False
82,2026-03-09,event,low,228,False
83,2026-03-03,referral,low,29,False
84,2026-07-03,event,mid,3,True
85,2026-04-12,paid_search,enterprise,115,False
86,2026-08-03,paid_search,low,8,False
87,2026-05-28,referral,low,37,False
88,2026-04-18,event,low,68,False
89,2026-05-11,event,low,83,False
90,2026-05-28,paid_search,low,7,False
91,2026-02-27,cold_outreach,enterprise,6,False
92,2026-08-01,event,low,3,True
93,2026-03-21,paid_search,low,4,True
94,2026-03-23,event,enterprise,5,False
95,2026-04-17,referral,enterprise,20,False
96,2026-06-05,referral,low,11,False
97,2026-02-15,paid_search,mid,14,False
98,2026-03-25,paid_search,mid,8,False
99,2026-05-11,referral,low,56,False
100,2026-04-21,organic,enterprise,42,False
101,2026-03-27,paid_search,mid,14,False
102,2026-05-24,organic,low,3,False
103,2026-05-03,event,enterprise,5,False
104,2026-07-27,cold_outreach,enterprise,3,False
105,2026-04-28,paid_search,low,12,True
106,2026-04-06,organic,low,47,False
107,2026-06-01,organic,mid,3,True
108,2026-06-07,event,low,21,False
109,2026-02-27,paid_search,enterprise,64,False
110,2026-04-19,paid_search,mid,28,False
111,2026-06-05,paid_search,low,10,False
112,2026-05-01,referral,low,9,True
113,2026-03-27,paid_search,low,7,False
114,2026-06-30,organic,low,11,False
115,2026-03-05,event,enterprise,11,False
116,2026-05-23,event,low,26,False
117,2026-05-01,event,low,19,False
118,2026-05-21,cold_outreach,enterprise,43,False
119,2026-08-05,organic,low,8,False
120,2026-07-10,organic,low,11,False
121,2026-05-05,cold_outreach,low,12,False
122,2026-05-02,organic,low,19,False
123,2026-02-16,organic,mid,40,False
124,2026-04-22,organic,low,23,False
125,2026-08-06,cold_outreach,enterprise,10,False
126,2026-06-12,referral,low,23,False
127,2026-04-20,event,enterprise,19,True
128,2026-06-27,paid_search,enterprise,15,False
129,2026-05-27,paid_search,enterprise,26,False
130,2026-04-06,referral,low,7,False
131,2026-03-29,referral,enterprise,4,False
132,2026-07-20,paid_search,low,112,False
133,2026-04-12,organic,enterprise,24,False
134,2026-03-20,event,low,29,False
135,2026-04-01,cold_outreach,low,13,False
136,2026-07-22,event,mid,96,False
137,2026-07-27,referral,low,37,False
138,2026-06-01,referral,mid,89,False
139,2026-03-21,cold_outreach,low,92,True
140,2026-04-01,paid_search,mid,46,False
141,2026-04-01,referral,enterprise,7,True
142,2026-05-13,referral,mid,28,False
143,2026-05-13,cold_outreach,low,58,False
144,2026-08-07,event,low,6,False
145,2026-03-24,organic,low,2,False
146,2026-04-27,cold_outreach,mid,41,False
147,2026-04-25,referral,mid,89,False
148,2026-06-06,event,mid,42,False
149,2026-05-12,paid_search,mid,102,False
150,2026-03-15,paid_search,enterprise,88,False
151,2026-07-27,event,mid,8,False
152,2026-04-06,referral,mid,30,False
153,2026-07-03,referral,mid,17,False
154,2026-07-01,organic,low,11,False
155,2026-04-23,paid_search,enterprise,17,False
156,2026-06-25,organic,enterprise,37,True
157,2026-02-15,event,enterprise,92,False
158,2026-05-04,cold_outreach,enterprise,3,False
159,2026-05-04,cold_outreach,mid,5,False
160,2026-03-28,cold_outreach,mid,50,False
161,2026-06-12,cold_outreach,mid,78,False
162,2026-02-25,organic,low,6,False
163,2026-07-18,paid_search,mid,29,False
164,2026-03-08,event,low,129,False
165,2026-07-17,event,mid,27,False
166,2026-08-02,organic,low,12,False
167,2026-04-06,paid_search,low,4,False
168,2026-04-17,cold_outreach,mid,10,False
169,2026-03-26,event,enterprise,78,True
170,2026-07-15,referral,low,9,False
171,2026-03-14,referral,low,7,False
172,2026-05-12,paid_search,mid,15,False
173,2026-06-12,event,enterprise,21,False
174,2026-07-14,event,low,29,False
175,2026-06-29,event,enterprise,35,False
176,2026-05-27,event,mid,21,True
177,2026-02-21,event,mid,53,False
178,2026-06-26,organic,mid,10,False
179,2026-04-23,paid_search,enterprise,28,True
180,2026-06-13,organic,enterprise,49,False
181,2026-07-23,cold_outreach,enterprise,46,False
182,2026-07-11,cold_outreach,low,117,False
183,2026-06-24,cold_outreach,mid,33,False
184,2026-07-04,organic,mid,12,False
185,2026-03-19,event,mid,10,False
186,2026-06-16,event,enterprise,17,False
187,2026-07-21,event,mid,3,False
188,2026-04-15,cold_outreach,low,30,False
189,2026-06-15,cold_outreach,low,21,False
190,2026-07-17,organic,mid,20,False
191,2026-04-08,cold_outreach,mid,67,False
192,2026-03-04,paid_search,low,7,True
193,2026-03-07,cold_outreach,mid,4,False
194,2026-03-06,organic,enterprise,21,True
195,2026-04-21,organic,mid,27,False
196,2026-04-19,cold_outreach,low,4,False
197,2026-06-23,cold_outreach,low,3,False
198,2026-04-02,cold_outreach,low,46,False
199,2026-04-10,event,mid,31,False
200,2026-07-24,paid_search,mid,21,False
201,2026-02-19,cold_outreach,low,4,False
202,2026-02-17,referral,low,10,False
203,2026-04-11,paid_search,enterprise,141,False
204,2026-04-17,cold_outreach,mid,14,True
205,2026-02-27,paid_search,enterprise,18,True
206,2026-07-24,paid_search,enterprise,14,False
207,2026-02-28,event,mid,10,False
208,2026-05-25,event,mid,11,False
209,2026-08-05,cold_outreach,low,9,False
210,2026-08-03,organic,mid,48,False
211,2026-03-30,paid_search,enterprise,20,False
212,2026-02-12,organic,mid,16,True
213,2026-06-25,cold_outreach,low,126,False
214,2026-03-13,event,enterprise,120,True
215,2026-06-29,cold_outreach,mid,31,False
216,2026-07-31,paid_search,mid,88,False
217,2026-04-25,organic,enterprise,166,False
218,2026-07-11,cold_outreach,enterprise,20,False
219,2026-04-19,referral,enterprise,43,False
220,2026-05-12,paid_search,low,11,False
221,2026-05-13,event,enterprise,71,False
222,2026-07-20,referral,low,8,True
223,2026-05-25,paid_search,enterprise,11,False
224,2026-06-23,referral,low,31,False
225,2026-05-21,cold_outreach,mid,18,False
226,2026-05-04,paid_search,mid,19,False
227,2026-03-26,cold_outreach,mid,15,False
228,2026-05-19,organic,enterprise,29,False
229,2026-07-03,paid_search,mid,25,False
230,2026-04-13,cold_outreach,mid,11,False
231,2026-06-01,event,low,3,True
232,2026-03-13,referral,enterprise,16,True
233,2026-04-23,paid_search,enterprise,131,True
234,2026-06-13,paid_search,low,4,False
235,2026-04-17,cold_outreach,low,77,False
236,2026-06-05,event,low,12,False
237,2026-06-19,cold_outreach,low,4,False
238,2026-04-27,referral,mid,22,False
239,2026-05-30,paid_search,enterprise,47,False
240,2026-03-08,organic,mid,5,False
241,2026-03-09,referral,low,41,True
242,2026-04-17,event,enterprise,33,True
243,2026-03-16,paid_search,low,34,False
244,2026-06-30,cold_outreach,enterprise,45,False
245,2026-05-12,event,low,1,False
246,2026-06-01,event,enterprise,16,False
247,2026-06-25,paid_search,mid,46,False
248,2026-03-19,event,low,19,False
249,2026-04-25,paid_search,mid,34,False
250,2026-05-27,cold_outreach,low,16,False
251,2026-06-01,referral,low,3,False
252,2026-07-21,cold_outreach,enterprise,8,False
253,2026-08-08,organic,low,29,False
254,2026-02-22,paid_search,mid,19,False
255,2026-07-29,referral,mid,139,False
256,2026-05-20,event,low,25,False
257,2026-08-06,referral,low,20,False
258,2026-07-01,referral,mid,13,False
259,2026-02-17,event,mid,11,False
260,2026-05-26,event,low,14,False
261,2026-06-02,organic,mid,129,False
262,2026-05-28,event,low,6,False
263,2026-08-01,referral,mid,10,False
264,2026-05-02,organic,low,10,False
265,2026-08-03,paid_search,low,12,False
266,2026-05-25,organic,enterprise,295,False
267,2026-06-16,paid_search,enterprise,5,False
268,2026-04-17,referral,low,33,False
269,2026-06-24,referral,low,61,False
270,2026-03-29,paid_search,low,19,False
271,2026-07-11,cold_outreach,mid,107,False
272,2026-07-16,paid_search,enterprise,265,False
273,2026-08-06,organic,low,5,True
274,2026-07-06,referral,enterprise,6,False
275,2026-08-01,event,enterprise,98,True
276,2026-06-18,paid_search,low,16,False
277,2026-06-22,paid_search,low,3,False
278,2026-04-09,organic,mid,16,False
279,2026-05-20,paid_search,enterprise,102,True
280,2026-03-15,cold_outreach,enterprise,23,False
281,2026-06-16,paid_search,enterprise,56,False
282,2026-06-01,paid_search,enterprise,4,False
283,2026-08-03,referral,low,4,True
284,2026-04-26,event,mid,93,True
285,2026-05-01,organic,low,3,False
286,2026-05-07,referral,low,6,False
287,2026-05-04,organic,low,25,False
288,2026-06-03,event,enterprise,33,False
289,2026-03-10,referral,mid,55,False
290,2026-04-17,cold_outreach,low,15,False
291,2026-05-02,event,low,2,False
292,2026-02-19,organic,low,29,False
293,2026-03-19,cold_outreach,low,51,False
294,2026-04-13,paid_search,enterprise,34,False
295,2026-08-07,cold_outreach,low,24,False
296,2026-06-26,referral,low,12,False
297,2026-07-08,event,low,16,False
298,2026-03-28,event,mid,5,False
299,2026-07-30,paid_search,low,15,False
300,2026-06-19,paid_search,low,1,False
301,2026-07-02,event,enterprise,56,True
302,2026-02-25,organic,enterprise,9,False
303,2026-07-01,paid_search,low,22,False
304,2026-04-21,paid_search,mid,102,False
305,2026-04-02,organic,enterprise,7,False
306,2026-03-28,paid_search,low,33,False
307,2026-07-10,paid_search,mid,34,False
308,2026-06-11,event,low,64,True
309,2026-07-21,event,enterprise,6,False
310,2026-04-10,referral,low,20,False
311,2026-06-16,referral,enterprise,6,False
312,2026-05-17,paid_search,mid,20,False
313,2026-04-13,event,low,11,False
314,2026-05-20,cold_outreach,low,25,False
315,2026-06-10,referral,mid,15,False
316,2026-05-01,event,mid,12,False
317,2026-02-24,cold_outreach,mid,112,False
318,2026-07-29,cold_outreach,low,61,False
319,2026-06-21,organic,enterprise,81,True
320,2026-06-22,referral,enterprise,76,False
321,2026-08-06,referral,low,8,False
322,2026-02-14,event,low,40,False
323,2026-06-20,event,low,9,False
324,2026-07-19,paid_search,enterprise,5,False
325,2026-05-15,referral,low,5,False
326,2026-02-13,referral,mid,19,False
327,2026-07-05,event,mid,14,False
328,2026-04-02,referral,low,11,False
329,2026-06-24,cold_outreach,enterprise,15,False
330,2026-02-11,organic,mid,4,False
331,2026-04-01,paid_search,low,23,True
332,2026-04-08,referral,mid,87,True
333,2026-02-12,referral,low,28,False
334,2026-08-05,paid_search,enterprise,45,True
335,2026-07-06,organic,enterprise,11,True
336,2026-05-07,event,mid,49,False
337,2026-06-30,event,low,57,False
338,2026-07-03,paid_search,low,68,False
339,2026-03-06,event,low,3,False
340,2026-04-10,cold_outreach,low,9,False
341,2026-02-12,event,low,49,True
342,2026-05-05,referral,low,28,False
343,2026-04-21,paid_search,low,5,True
344,2026-03-13,organic,mid,4,False
345,2026-02-24,organic,low,27,False
346,2026-06-08,cold_outreach,mid,33,True
347,2026-03-07,referral,low,6,False
348,2026-05-13,referral,mid,11,False
349,2026-05-28,organic,low,12,False
350,2026-07-27,event,enterprise,11,True
351,2026-03-07,event,enterprise,25,True
352,2026-02-19,organic,enterprise,4,False
353,2026-06-24,paid_search,mid,8,False
354,2026-04-11,organic,mid,14,False
355,2026-03-29,organic,enterprise,13,True
356,2026-07-25,cold_outreach,enterprise,54,False
357,2026-03-14,organic,mid,13,False
358,2026-06-29,cold_outreach,enterprise,35,False
359,2026-03-11,organic,mid,31,True
360,2026-06-12,event,mid,7,False
361,2026-06-15,paid_search,low,82,False
362,2026-08-04,event,mid,12,False
363,2026-06-25,paid_search,mid,25,False
364,2026-07-17,organic,mid,12,False
365,2026-06-04,cold_outreach,low,6,False
366,2026-03-08,event,mid,3,True
367,2026-02-13,referral,mid,20,False
368,2026-02-24,organic,low,7,True
369,2026-05-08,referral,mid,16,False
370,2026-02-23,event,low,24,True
371,2026-04-12,event,enterprise,9,False
372,2026-08-05,cold_outreach,mid,4,False
373,2026-08-05,referral,enterprise,32,False
374,2026-08-07,organic,low,16,False
375,2026-04-15,event,mid,60,False
376,2026-02-23,event,enterprise,33,False
377,2026-02-27,organic,mid,16,False
378,2026-03-02,organic,mid,47,False
379,2026-04-14,organic,low,20,False
380,2026-05-24,paid_search,low,11,False
381,2026-05-03,organic,enterprise,12,False
382,2026-04-17,event,low,17,True
383,2026-03-13,referral,low,109,False
384,2026-03-16,paid_search,mid,57,True
385,2026-05-15,organic,enterprise,4,False
386,2026-06-29,referral,mid,51,False
387,2026-03-22,paid_search,low,6,True
388,2026-05-12,paid_search,mid,133,False
389,2026-06-01,event,low,5,False
390,2026-03-14,organic,enterprise,12,False
391,2026-03-01,referral,low,13,False
392,2026-03-05,paid_search,mid,29,False
393,2026-07-06,event,enterprise,8,False
394,2026-03-22,event,mid,9,False
395,2026-05-06,organic,low,27,False
396,2026-04-08,referral,mid,46,True
397,2026-05-06,event,low,7,False
398,2026-04-05,referral,mid,3,False
399,2026-07-21,organic,enterprise,25,False
400,2026-05-05,organic,low,35,False
401,2026-07-05,paid_search,mid,11,False
402,2026-05-16,cold_outreach,low,48,False
403,2026-07-07,paid_search,enterprise,23,False
404,2026-05-05,event,enterprise,2,False
405,2026-04-26,event,low,12,False
406,2026-06-13,cold_outreach,low,122,False
407,2026-06-13,cold_outreach,low,32,False
408,2026-04-29,referral,mid,14,False
409,2026-04-29,organic,low,11,False
410,2026-07-06,event,enterprise,6,False
411,2026-05-13,referral,enterprise,84,True
412,2026-06-21,event,low,18,False
413,2026-07-13,paid_search,low,162,False
414,2026-05-10,cold_outreach,enterprise,6,True
415,2026-02-28,referral,mid,6,False
416,2026-02-22,cold_outreach,low,47,False
417,2026-04-30,paid_search,low,14,False
418,2026-04-20,paid_search,low,8,False
419,2026-04-01,cold_outreach,low,26,False
420,2026-06-03,referral,low,55,False
421,2026-04-07,organic,mid,4,False
422,2026-05-30,paid_search,enterprise,83,False
423,2026-03-26,referral,mid,67,True
424,2026-07-21,paid_search,mid,4,False
425,2026-04-27,paid_search,enterprise,1,False
426,2026-04-04,paid_search,enterprise,12,False
427,2026-04-16,paid_search,mid,7,False
428,2026-07-29,event,low,48,False
429,2026-06-18,referral,enterprise,7,False
430,2026-06-10,organic,mid,22,True
431,2026-04-09,cold_outreach,mid,6,False
432,2026-07-18,paid_search,enterprise,8,False
433,2026-04-16,paid_search,low,19,False
434,2026-04-03,event,low,7,False
435,2026-02-11,event,low,92,False
436,2026-03-05,event,enterprise,51,False
437,2026-04-18,cold_outreach,enterprise,1,False
438,2026-06-06,organic,enterprise,2,True
439,2026-06-25,referral,mid,70,False
440,2026-03-22,referral,low,27,True
441,2026-07-26,cold_outreach,enterprise,65,False
442,2026-03-30,organic,low,13,False
443,2026-03-16,paid_search,enterprise,50,False
444,2026-03-07,event,low,8,False
445,2026-04-19,paid_search,mid,5,False
446,2026-02-23,paid_search,low,27,False
447,2026-07-01,organic,mid,18,False
448,2026-06-26,event,low,28,False
449,2026-07-14,organic,enterprise,14,True
450,2026-03-30,event,enterprise,2,False
451,2026-03-19,event,mid,33,False
452,2026-03-21,organic,mid,89,False
453,2026-06-29,organic,enterprise,7,True
454,2026-05-28,organic,low,36,False
455,2026-03-18,organic,enterprise,5,False
456,2026-04-05,cold_outreach,low,22,False
457,2026-04-25,referral,low,114,False
458,2026-07-01,cold_outreach,mid,13,False
459,2026-02-25,referral,mid,34,False
460,2026-02-18,event,mid,10,False
461,2026-03-20,referral,mid,29,False
462,2026-02-12,organic,enterprise,116,False
463,2026-06-03,paid_search,low,8,False
464,2026-07-24,referral,mid,36,False
465,2026-03-30,paid_search,low,25,False
466,2026-05-25,cold_outreach,enterprise,36,False
467,2026-03-21,cold_outreach,low,6,False
468,2026-05-22,referral,low,17,False
469,2026-03-12,event,enterprise,259,True
470,2026-02-18,event,low,305,False
471,2026-07-06,organic,low,7,False
472,2026-05-12,referral,mid,82,False
473,2026-03-07,cold_outreach,enterprise,26,False
474,2026-05-04,paid_search,low,108,False
475,2026-06-17,paid_search,mid,24,False
476,2026-06-25,cold_outreach,mid,59,False
477,2026-03-04,organic,enterprise,4,False
478,2026-07-05,referral,low,67,False
479,2026-04-28,cold_outreach,enterprise,7,False
480,2026-06-27,paid_search,low,12,False
481,2026-06-27,referral,low,32,False
482,2026-05-01,referral,mid,13,False
483,2026-07-29,referral,low,4,False
484,2026-07-11,event,low,34,False
485,2026-04-26,organic,mid,12,True
486,2026-05-01,paid_search,low,12,False
487,2026-04-16,referral,mid,22,False
488,2026-03-24,referral,enterprise,23,False
489,2026-03-10,paid_search,mid,20,False
490,2026-06-21,organic,low,4,False
491,2026-02-21,paid_search,mid,83,False
492,2026-03-03,organic,low,23,False
493,2026-05-12,cold_outreach,mid,60,False
494,2026-04-03,event,low,57,False
495,2026-08-06,referral,low,153,False
496,2026-06-04,organic,mid,3,False
497,2026-05-06,organic,enterprise,26,False
498,2026-03-06,referral,mid,31,False
499,2026-07-20,organic,mid,16,False
500,2026-03-10,referral,mid,99,False
501,2026-05-28,cold_outreach,enterprise,29,False
502,2026-07-14,cold_outreach,mid,34,False
503,2026-03-08,paid_search,enterprise,3,False
504,2026-05-07,paid_search,enterprise,54,False
505,2026-03-10,paid_search,enterprise,132,False
506,2026-02-16,referral,low,10,False
507,2026-08-07,organic,low,88,False
508,2026-05-13,event,low,10,False
509,2026-03-18,event,low,11,False
510,2026-07-01,event,enterprise,3,False
511,2026-05-17,cold_outreach,mid,70,False
512,2026-03-05,organic,enterprise,20,False
513,2026-06-14,cold_outreach,mid,102,False
514,2026-04-16,organic,low,561,False
515,2026-07-30,organic,low,11,False
516,2026-02-14,organic,mid,6,False
517,2026-03-09,organic,low,10,False
518,2026-03-14,paid_search,enterprise,9,False
519,2026-06-17,event,enterprise,14,True
520,2026-03-24,referral,low,10,False
521,2026-03-13,referral,mid,34,False
522,2026-03-17,paid_search,mid,14,False
523,2026-03-27,paid_search,mid,9,False
524,2026-07-25,referral,enterprise,280,True
525,2026-02-14,referral,enterprise,27,True
526,2026-03-06,cold_outreach,enterprise,90,False
527,2026-04-09,event,low,1,True
528,2026-06-22,paid_search,low,10,False
529,2026-04-13,paid_search,mid,38,True
530,2026-04-15,event,mid,73,False
531,2026-07-13,cold_outreach,enterprise,4,False
532,2026-02-14,cold_outreach,low,5,False
533,2026-07-14,cold_outreach,enterprise,36,False
534,2026-08-03,event,mid,1,False
535,2026-04-03,referral,mid,2,False
536,2026-02-18,organic,low,5,False
537,2026-05-25,event,enterprise,5,False
538,2026-03-07,cold_outreach,low,92,False
539,2026-08-05,organic,mid,17,False
540,2026-05-20,event,enterprise,20,True
541,2026-08-03,referral,mid,17,True
542,2026-04-02,organic,enterprise,58,False
543,2026-03-30,event,enterprise,12,False
544,2026-06-25,cold_outreach,low,24,False
545,2026-06-16,event,low,125,False
546,2026-04-21,cold_outreach,low,20,False
547,2026-03-24,event,enterprise,6,False
548,2026-08-02,referral,mid,6,False
549,2026-07-20,cold_outreach,low,75,False
550,2026-04-28,referral,enterprise,32,False
551,2026-08-01,referral,mid,22,False
552,2026-04-23,paid_search,mid,91,False
553,2026-03-22,cold_outreach,mid,24,False
554,2026-03-18,referral,enterprise,60,False
555,2026-07-13,event,enterprise,167,False
556,2026-05-03,paid_search,enterprise,109,False
557,2026-03-02,event,low,22,False
558,2026-07-31,event,low,14,True
559,2026-08-03,referral,enterprise,30,False
560,2026-03-04,cold_outreach,mid,18,False
561,2026-04-20,event,enterprise,22,False
562,2026-03-04,paid_search,mid,46,False
563,2026-06-08,cold_outreach,mid,22,False
564,2026-06-10,paid_search,low,21,False
565,2026-06-23,organic,low,28,False
566,2026-04-30,event,enterprise,3,False
567,2026-07-17,referral,low,14,True
568,2026-04-05,paid_search,mid,5,False
569,2026-06-30,cold_outreach,low,10,False
570,2026-02-10,referral,low,8,False
571,2026-08-04,cold_outreach,low,59,False
572,2026-04-30,paid_search,low,5,True
573,2026-04-09,cold_outreach,low,14,False
574,2026-08-05,referral,low,14,False
575,2026-07-05,paid_search,mid,137,False
576,2026-07-26,paid_search,low,11,False
577,2026-04-22,organic,mid,44,False
578,2026-07-04,referral,mid,17,False
579,2026-03-22,referral,mid,75,False
580,2026-05-21,cold_outreach,mid,17,False
581,2026-05-15,referral,enterprise,9,True
582,2026-05-24,organic,low,33,False
583,2026-05-24,event,enterprise,7,True
584,2026-04-06,paid_search,mid,24,False
585,2026-04-27,organic,low,64,False
586,2026-02-19,referral,enterprise,10,False
587,2026-06-23,cold_outreach,low,49,False
588,2026-04-13,referral,enterprise,93,False
589,2026-05-14,cold_outreach,enterprise,51,True
590,2026-02-25,cold_outreach,low,20,False
591,2026-06-13,event,enterprise,29,False
592,2026-05-10,referral,enterprise,9,True
593,2026-03-13,organic,low,10,False
594,2026-07-02,referral,enterprise,32,False
595,2026-06-14,referral,enterprise,7,False
596,2026-05-12,paid_search,mid,11,False
597,2026-07-16,organic,enterprise,68,False
598,2026-05-30,event,low,111,False
599,2026-03-31,organic,enterprise,11,False
600,2026-06-12,organic,enterprise,12,False
601,2026-04-06,organic,mid,14,False
602,2026-04-13,organic,enterprise,35,True
603,2026-04-25,paid_search,mid,19,False
604,2026-05-10,paid_search,mid,52,False
605,2026-05-15,event,low,12,False
606,2026-07-21,cold_outreach,low,31,False
607,2026-03-30,cold_outreach,mid,9,False
608,2026-03-02,organic,enterprise,39,False
609,2026-07-25,event,mid,178,False
610,2026-05-31,cold_outreach,low,10,False
611,2026-06-02,paid_search,low,5,False
612,2026-04-24,referral,mid,24,False
613,2026-04-09,event,mid,26,False
614,2026-07-13,organic,mid,6,False
615,2026-03-21,event,low,37,False
616,2026-05-29,cold_outreach,mid,64,False
617,2026-07-21,organic,mid,56,False
618,2026-07-01,paid_search,low,46,True
619,2026-06-05,cold_outreach,mid,36,False
620,2026-06-13,cold_outreach,enterprise,8,False
621,2026-08-01,event,mid,4,False
622,2026-07-26,paid_search,enterprise,53,True
623,2026-08-06,paid_search,mid,3,False
624,2026-04-14,cold_outreach,enterprise,14,False
625,2026-03-09,cold_outreach,mid,15,False
626,2026-07-15,cold_outreach,enterprise,24,False
627,2026-03-09,cold_outreach,low,37,False
628,2026-05-17,paid_search,mid,19,True
629,2026-07-01,organic,enterprise,88,False
630,2026-08-02,paid_search,enterprise,4,False
631,2026-04-10,paid_search,enterprise,54,True
632,2026-04-06,organic,mid,21,False
633,2026-07-04,referral,low,23,False
634,2026-02-23,paid_search,mid,110,False
635,2026-06-05,event,mid,7,False
636,2026-03-29,cold_outreach,mid,48,False
637,2026-03-13,cold_outreach,enterprise,41,False
638,2026-04-16,referral,mid,9,False
639,2026-03-22,event,low,18,False
640,2026-02-23,referral,low,84,False
641,2026-06-18,event,mid,30,False
642,2026-07-14,referral,enterprise,2,False
643,2026-02-14,organic,mid,5,False
644,2026-07-15,event,enterprise,49,False
645,2026-07-22,event,enterprise,8,False
646,2026-04-11,paid_search,enterprise,22,False
647,2026-04-15,referral,enterprise,61,False
648,2026-05-23,organic,mid,11,False
649,2026-08-02,organic,mid,6,False
650,2026-06-02,cold_outreach,enterprise,54,False
651,2026-07-16,paid_search,enterprise,11,False
652,2026-07-18,referral,enterprise,5,True
653,2026-04-28,cold_outreach,enterprise,6,False
654,2026-06-13,paid_search,enterprise,80,False
655,2026-03-06,cold_outreach,mid,14,False
656,2026-03-11,event,mid,7,False
657,2026-04-21,paid_search,enterprise,15,False
658,2026-03-25,paid_search,enterprise,10,True
659,2026-07-14,event,low,19,False
660,2026-07-27,organic,mid,9,False
661,2026-03-06,event,mid,19,False
662,2026-05-18,organic,mid,48,False
663,2026-03-23,event,low,15,True
664,2026-07-14,organic,mid,18,False
665,2026-04-29,cold_outreach,enterprise,5,False
666,2026-04-16,paid_search,mid,1,True
667,2026-05-08,organic,mid,9,False
668,2026-06-04,organic,low,10,False
669,2026-06-27,paid_search,enterprise,2,True
670,2026-06-03,event,mid,12,False
671,2026-02-27,organic,enterprise,11,False
672,2026-05-07,referral,mid,81,False
673,2026-04-27,referral,mid,7,False
674,2026-02-26,referral,low,33,False
675,2026-05-29,organic,low,27,False
676,2026-08-08,organic,low,60,False
677,2026-06-04,organic,low,33,False
678,2026-06-26,event,mid,30,False
679,2026-07-18,referral,mid,27,False
680,2026-04-12,referral,mid,16,True
681,2026-03-07,cold_outreach,low,34,False
682,2026-05-23,event,mid,2,False
683,2026-05-18,cold_outreach,mid,11,False
684,2026-03-17,cold_outreach,enterprise,59,True
685,2026-02-13,paid_search,low,8,True
686,2026-06-13,organic,mid,4,False
687,2026-02-15,organic,mid,8,True
688,2026-04-13,organic,enterprise,28,False
689,2026-04-02,cold_outreach,mid,68,False
690,2026-07-25,cold_outreach,low,139,False
691,2026-07-06,event,mid,122,True
692,2026-04-23,referral,enterprise,39,True
693,2026-08-01,paid_search,mid,29,False
694,2026-05-27,paid_search,mid,61,False
695,2026-02-14,cold_outreach,enterprise,13,True
696,2026-05-05,event,low,39,False
697,2026-05-20,referral,enterprise,31,False
698,2026-04-04,organic,mid,17,False
699,2026-06-14,cold_outreach,enterprise,5,False
700,2026-05-24,cold_outreach,enterprise,14,False
701,2026-08-01,organic,mid,12,False
702,2026-03-01,event,mid,12,False
703,2026-03-22,organic,enterprise,42,False
704,2026-03-22,organic,low,286,False
705,2026-07-17,cold_outreach,mid,11,False
706,2026-07-24,referral,mid,33,False
707,2026-06-19,event,mid,40,True
708,2026-05-17,cold_outreach,enterprise,61,False
709,2026-04-20,paid_search,low,2,False
710,2026-03-22,paid_search,low,27,False
711,2026-07-10,organic,mid,112,False
712,2026-02-12,cold_outreach,enterprise,123,False
713,2026-05-12,cold_outreach,enterprise,220,False
714,2026-07-17,referral,low,55,True
715,2026-05-04,event,enterprise,10,False
716,2026-06-26,referral,mid,99,False
717,2026-06-29,referral,enterprise,117,False
718,2026-05-01,paid_search,low,58,False
719,2026-06-07,cold_outreach,mid,34,False
720,2026-03-04,paid_search,mid,76,False
721,2026-08-07,event,mid,38,False
722,2026-05-13,paid_search,enterprise,8,False
723,2026-04-15,referral,mid,29,True
724,2026-05-14,paid_search,enterprise,28,False
725,2026-04-03,referral,low,18,True
726,2026-03-31,organic,mid,19,False
727,2026-03-06,organic,low,48,False
728,2026-06-07,paid_search,low,43,False
729,2026-04-04,organic,mid,17,False
730,2026-03-30,referral,low,18,True
731,2026-05-10,paid_search,enterprise,26,False
732,2026-02-27,referral,enterprise,11,False
733,2026-02-18,organic,low,12,False
734,2026-06-07,referral,low,5,False
735,2026-06-27,paid_search,enterprise,24,False
736,2026-02-13,organic,enterprise,71,False
737,2026-06-20,referral,enterprise,23,False
738,2026-05-23,paid_search,mid,8,False
739,2026-03-11,organic,low,103,False
740,2026-04-03,event,enterprise,88,True
741,2026-07-27,paid_search,low,5,False
742,2026-04-15,organic,enterprise,17,False
743,2026-06-26,organic,enterprise,36,False
744,2026-02-27,event,mid,11,True
745,2026-05-26,paid_search,mid,16,True
746,2026-08-08,referral,mid,18,True
747,2026-04-08,paid_search,enterprise,7,False
748,2026-02-23,cold_outreach,low,29,False
749,2026-05-19,organic,mid,17,False
750,2026-04-04,event,enterprise,10,False
751,2026-08-03,cold_outreach,enterprise,16,False
752,2026-04-15,cold_outreach,enterprise,35,False
753,2026-04-08,organic,enterprise,24,False
754,2026-06-27,referral,enterprise,12,False
755,2026-04-13,referral,enterprise,5,False
756,2026-04-02,event,enterprise,73,False
757,2026-06-06,event,low,16,False
758,2026-05-06,referral,mid,31,False
759,2026-06-19,event,mid,31,False
760,2026-03-10,event,low,35,False
761,2026-04-03,cold_outreach,enterprise,19,False
762,2026-02-15,paid_search,enterprise,49,False
763,2026-02-16,referral,low,29,True
764,2026-08-03,event,enterprise,49,False
765,2026-05-15,event,low,8,True
766,2026-08-05,referral,enterprise,55,False
767,2026-06-18,organic,mid,74,True
768,2026-03-24,paid_search,enterprise,18,False
769,2026-05-27,event,low,4,False
770,2026-03-19,event,low,36,False
771,2026-02-23,event,low,18,False
772,2026-06-10,referral,enterprise,20,False
773,2026-06-08,paid_search,enterprise,6,False
774,2026-05-10,referral,mid,27,False
775,2026-04-25,event,low,19,False
776,2026-07-01,organic,mid,17,False
777,2026-03-03,cold_outreach,low,19,False
778,2026-05-07,referral,mid,25,True
779,2026-07-15,organic,mid,29,False
780,2026-04-03,event,enterprise,47,False
781,2026-04-05,paid_search,enterprise,18,False
782,2026-05-31,organic,enterprise,30,False
783,2026-05-10,paid_search,mid,3,False
784,2026-07-25,referral,enterprise,30,True
785,2026-04-28,cold_outreach,enterprise,7,False
786,2026-07-10,event,low,33,False
787,2026-07-08,event,enterprise,15,False
788,2026-07-14,paid_search,mid,79,False
789,2026-05-31,event,low,18,False
790,2026-07-17,organic,low,21,False
791,2026-04-11,cold_outreach,enterprise,22,False
792,2026-07-15,referral,mid,9,False
793,2026-04-14,cold_outreach,low,143,False
794,2026-07-02,referral,enterprise,188,False
795,2026-07-22,organic,enterprise,43,False
796,2026-06-14,referral,mid,17,False
797,2026-04-27,referral,mid,42,False
798,2026-06-04,event,mid,75,False
799,2026-04-26,event,enterprise,15,False
800,2026-07-03,cold_outreach,mid,51,False
801,2026-07-20,cold_outreach,mid,111,False
802,2026-05-25,cold_outreach,mid,91,False
803,2026-03-17,referral,enterprise,152,True
804,2026-06-06,paid_search,low,9,False
805,2026-04-18,event,low,28,True
806,2026-08-03,cold_outreach,low,13,False
807,2026-08-07,cold_outreach,low,7,False
808,2026-03-05,paid_search,mid,10,False
809,2026-05-26,paid_search,mid,8,False
810,2026-06-13,referral,mid,40,False
811,2026-05-16,paid_search,enterprise,60,False
812,2026-04-07,organic,enterprise,174,False
813,2026-06-06,cold_outreach,enterprise,10,False
814,2026-07-29,cold_outreach,low,12,False
815,2026-04-25,organic,low,5,False
816,2026-05-16,event,low,33,False
817,2026-06-10,organic,mid,4,False
818,2026-05-29,referral,low,9,False
819,2026-04-17,cold_outreach,low,149,False
820,2026-05-20,cold_outreach,enterprise,34,False
821,2026-02-12,organic,enterprise,13,True
822,2026-03-17,cold_outreach,enterprise,125,True
823,2026-06-04,paid_search,mid,5,False
824,2026-07-17,event,mid,39,False
825,2026-04-29,paid_search,enterprise,32,False
826,2026-05-08,organic,mid,67,False
827,2026-07-14,referral,mid,125,False
828,2026-05-17,referral,low,7,False
829,2026-04-16,event,enterprise,37,False
830,2026-04-20,cold_outreach,mid,19,False
831,2026-03-28,paid_search,enterprise,78,False
832,2026-02-12,referral,low,16,False
833,2026-06-30,referral,low,3,False
834,2026-06-16,organic,enterprise,29,False
835,2026-06-29,cold_outreach,mid,9,False
836,2026-02-22,paid_search,mid,15,False
837,2026-02-17,organic,low,5,False
838,2026-05-19,referral,low,237,False
839,2026-06-17,cold_outreach,enterprise,18,False
840,2026-07-06,referral,low,10,False
841,2026-05-01,cold_outreach,mid,31,False
842,2026-03-12,event,enterprise,35,False
843,2026-07-25,cold_outreach,mid,23,False
844,2026-05-30,referral,enterprise,40,False
845,2026-03-25,referral,mid,43,False
846,2026-07-08,event,low,10,False
847,2026-06-27,organic,enterprise,103,True
848,2026-03-09,organic,low,20,False
849,2026-04-16,event,mid,6,True
850,2026-05-04,referral,mid,8,False
851,2026-04-04,organic,low,13,False
852,2026-02-19,organic,mid,3,False
853,2026-05-08,event,low,3,False
854,2026-07-31,referral,enterprise,37,False
855,2026-07-31,referral,mid,5,False
856,2026-05-14,event,mid,34,False
857,2026-05-19,paid_search,enterprise,6,True
858,2026-06-14,cold_outreach,mid,16,False
859,2026-07-19,cold_outreach,mid,6,False
860,2026-07-19,organic,low,13,False
861,2026-05-17,referral,low,16,False
862,2026-04-25,event,mid,15,False
863,2026-06-19,event,mid,11,False
864,2026-08-03,referral,mid,13,False
865,2026-04-11,organic,enterprise,498,False
866,2026-07-18,referral,low,93,False
867,2026-07-20,event,low,37,False
868,2026-06-09,organic,enterprise,107,False
869,2026-07-15,event,low,5,False
870,2026-07-11,organic,enterprise,43,True
871,2026-07-04,organic,mid,24,True
872,2026-02-10,referral,low,30,False
873,2026-05-19,paid_search,low,29,False
874,2026-04-15,cold_outreach,enterprise,14,False
875,2026-07-29,organic,low,18,False
876,2026-02-18,referral,mid,29,False
877,2026-03-23,paid_search,mid,118,False
878,2026-05-28,referral,enterprise,22,False
879,2026-07-29,event,mid,18,True
880,2026-05-30,organic,enterprise,8,True
881,2026-02-12,cold_outreach,low,2,False
882,2026-06-30,referral,enterprise,2,False
883,2026-06-11,cold_outreach,low,54,False
884,2026-06-17,paid_search,enterprise,14,False
885,2026-04-07,event,enterprise,19,True
886,2026-07-17,referral,low,6,False
887,2026-03-24,organic,mid,6,False
888,2026-06-05,cold_outreach,low,6,False
889,2026-03-11,cold_outreach,low,31,False
890,2026-04-06,referral,mid,35,True
891,2026-04-01,event,enterprise,12,True
892,2026-08-03,event,mid,15,False
893,2026-04-21,organic,low,76,False
894,2026-05-07,paid_search,enterprise,18,False
895,2026-04-09,referral,enterprise,10,True
896,2026-07-20,referral,enterprise,12,False
897,2026-06-21,referral,enterprise,11,False
898,2026-06-13,event,enterprise,32,False
899,2026-06-15,cold_outreach,enterprise,11,False
900,2026-05-25,organic,mid,12,False
901,2026-04-18,event,mid,88,False
902,2026-03-21,organic,low,42,False
903,2026-07-12,event,low,52,False
904,2026-04-21,cold_outreach,enterprise,7,False
905,2026-07-18,cold_outreach,enterprise,38,False
906,2026-08-06,referral,enterprise,22,False
907,2026-07-23,organic,mid,70,False
908,2026-06-20,organic,enterprise,18,False
909,2026-04-05,event,enterprise,27,False
910,2026-06-30,event,enterprise,20,False
911,2026-05-03,referral,low,20,False
912,2026-05-31,cold_outreach,low,14,False
913,2026-06-29,paid_search,enterprise,14,False
914,2026-06-30,organic,low,9,False
915,2026-04-15,organic,enterprise,11,False
916,2026-02-28,referral,mid,14,False
917,2026-07-08,event,enterprise,40,False
918,2026-08-07,paid_search,mid,13,False
919,2026-06-25,cold_outreach,mid,24,False
920,2026-04-29,paid_search,mid,10,False
921,2026-02-18,referral,enterprise,16,True
922,2026-06-24,referral,mid,15,False
923,2026-07-02,cold_outreach,enterprise,14,False
924,2026-07-21,paid_search,mid,40,False
925,2026-02-14,cold_outreach,mid,8,False
926,2026-03-28,referral,mid,220,False
927,2026-02-24,referral,enterprise,21,False
928,2026-06-27,organic,low,10,False
929,2026-03-29,paid_search,low,15,False
930,2026-03-12,organic,enterprise,23,False
931,2026-02-11,cold_outreach,low,16,False
932,2026-05-26,cold_outreach,low,16,False
933,2026-03-19,referral,mid,5,False
934,2026-05-26,organic,low,89,False
935,2026-02-11,referral,low,14,False
936,2026-03-17,organic,mid,21,False
937,2026-07-03,event,enterprise,21,False
938,2026-02-20,referral,mid,15,False
939,2026-05-14,event,enterprise,17,False
940,2026-04-23,referral,mid,87,False
941,2026-07-30,cold_outreach,mid,3,False
942,2026-07-11,event,enterprise,31,False
943,2026-06-24,organic,enterprise,5,False
944,2026-08-03,organic,mid,4,False
945,2026-03-15,cold_outreach,enterprise,98,False
946,2026-07-21,organic,enterprise,49,True
947,2026-07-25,organic,low,18,False
948,2026-04-05,cold_outreach,low,10,False
949,2026-07-18,referral,low,9,False
950,2026-03-31,referral,enterprise,50,False
951,2026-07-06,cold_outreach,enterprise,11,False
952,2026-05-22,organic,low,26,False
953,2026-04-04,organic,mid,20,False
954,2026-04-24,cold_outreach,low,109,False
955,2026-06-18,organic,mid,84,False
956,2026-06-17,referral,enterprise,11,False
957,2026-06-10,organic,enterprise,8,False
958,2026-03-10,organic,enterprise,18,True
959,2026-07-28,cold_outreach,low,14,False
960,2026-06-20,paid_search,low,31,False
961,2026-02-11,event,mid,20,False
962,2026-06-30,event,low,240,False
963,2026-03-01,cold_outreach,enterprise,11,False
964,2026-03-31,referral,mid,8,True
965,2026-07-25,organic,mid,18,True
966,2026-07-18,cold_outreach,low,1,False
967,2026-07-04,referral,low,3,False
968,2026-05-25,organic,enterprise,17,False
969,2026-03-22,event,enterprise,93,True
970,2026-02-23,event,mid,33,False
971,2026-05-22,referral,low,39,False
972,2026-06-18,paid_search,mid,3,False
973,2026-06-28,cold_outreach,enterprise,27,False
974,2026-05-18,organic,mid,4,False
975,2026-03-05,cold_outreach,low,12,False
976,2026-03-02,referral,low,536,False
977,2026-05-07,organic,enterprise,19,False
978,2026-05-04,event,low,9,False
979,2026-02-14,referral,mid,133,True
980,2026-06-23,referral,low,11,False
981,2026-06-22,event,low,98,False
982,2026-07-22,paid_search,mid,67,True
983,2026-07-18,referral,enterprise,23,False
984,2026-05-15,referral,mid,7,False
985,2026-05-21,paid_search,enterprise,497,True
986,2026-04-14,cold_outreach,enterprise,33,False
987,2026-06-26,event,mid,91,False
988,2026-06-24,organic,enterprise,19,False
989,2026-07-16,organic,low,37,False
990,2026-03-06,cold_outreach,mid,5,False
991,2026-05-16,referral,low,91,False
992,2026-02-16,event,low,98,False
993,2026-02-16,event,low,35,False
994,2026-05-18,organic,enterprise,79,False
995,2026-07-14,event,mid,71,False
996,2026-04-04,paid_search,enterprise,28,False
997,2026-06-03,cold_outreach,low,18,False
998,2026-04-08,organic,mid,21,True
999,2026-03-21,paid_search,low,10,False
1000,2026-04-21,event,mid,353,False
1001,2026-06-09,event,low,46,False
1002,2026-04-10,paid_search,enterprise,17,False
1003,2026-03-11,cold_outreach,mid,26,False
1004,2026-02-28,referral,enterprise,28,False
1005,2026-03-29,referral,mid,46,False
1006,2026-05-07,referral,enterprise,2,False
1007,2026-05-14,referral,enterprise,13,True
1008,2026-03-16,referral,enterprise,22,True
1009,2026-06-05,cold_outreach,mid,23,False
1010,2026-08-06,referral,enterprise,73,False
1011,2026-07-14,event,mid,31,False
1012,2026-07-11,organic,enterprise,36,False
1013,2026-07-29,event,low,51,False
1014,2026-07-16,referral,low,69,False
1015,2026-05-07,referral,enterprise,58,False
1016,2026-07-01,organic,low,4,False
1017,2026-07-08,organic,mid,9,False
1018,2026-06-23,event,enterprise,17,False
1019,2026-05-03,organic,enterprise,11,False
1020,2026-06-10,paid_search,low,10,False
1021,2026-03-17,referral,mid,12,False
1022,2026-03-16,organic,enterprise,51,False
1023,2026-07-17,referral,mid,19,False
1024,2026-04-26,cold_outreach,enterprise,283,True
1025,2026-03-01,referral,enterprise,4,False
1026,2026-07-11,paid_search,low,7,False
1027,2026-02-13,paid_search,low,10,False
1028,2026-04-01,event,mid,112,False
1029,2026-07-20,paid_search,low,82,False
1030,2026-04-11,organic,low,21,True
1031,2026-05-08,organic,low,34,False
1032,2026-07-12,referral,low,12,False
1033,2026-06-16,organic,low,11,False
1034,2026-03-12,cold_outreach,low,16,False
1035,2026-07-16,organic,low,3,False
1036,2026-02-23,cold_outreach,mid,13,False
1037,2026-05-01,paid_search,mid,41,False
1038,2026-04-10,event,mid,8,False
1039,2026-02-24,paid_search,enterprise,110,False
1040,2026-08-02,cold_outreach,enterprise,10,False
1041,2026-04-16,paid_search,mid,150,False
1042,2026-03-10,cold_outreach,mid,313,False
1043,2026-02-14,cold_outreach,low,285,False
1044,2026-08-05,organic,mid,8,True
1045,2026-03-23,referral,enterprise,6,False
1046,2026-08-06,organic,low,18,False
1047,2026-08-08,organic,mid,16,False
1048,2026-04-12,cold_outreach,low,64,False
1049,2026-02-24,event,mid,21,False
1050,2026-02-26,paid_search,mid,60,False
1051,2026-06-29,cold_outreach,mid,3,False
1052,2026-06-07,cold_outreach,mid,15,True
1053,2026-03-15,organic,low,33,False
1054,2026-02-25,cold_outreach,low,13,False
1055,2026-06-16,event,enterprise,214,False
1056,2026-06-18,referral,low,4,False
1057,2026-05-06,paid_search,enterprise,108,False
1058,2026-03-09,paid_search,mid,9,False
1059,2026-03-01,event,enterprise,25,False
1060,2026-02-22,event,mid,16,False
1061,2026-07-27,cold_outreach,enterprise,12,False
1062,2026-03-29,organic,enterprise,19,True
1063,2026-06-23,paid_search,enterprise,61,True
1064,2026-04-02,cold_outreach,mid,107,True
1065,2026-06-22,paid_search,low,16,True
1066,2026-06-20,cold_outreach,mid,8,False
1067,2026-03-07,organic,enterprise,60,True
1068,2026-03-17,cold_outreach,mid,20,False
1069,2026-07-20,cold_outreach,low,7,False
1070,2026-05-11,organic,low,14,False
1071,2026-05-06,organic,mid,2,False
1072,2026-07-14,cold_outreach,mid,5,False
1073,2026-05-19,cold_outreach,low,48,False
1074,2026-06-01,referral,low,17,True
1075,2026-05-29,event,low,20,False
1076,2026-02-12,event,mid,8,False
1077,2026-05-18,organic,mid,51,False
1078,2026-02-16,paid_search,mid,66,False
1079,2026-04-24,cold_outreach,mid,42,False
1080,2026-04-15,event,enterprise,83,True
1081,2026-05-23,organic,enterprise,119,False
1082,2026-02-15,paid_search,enterprise,13,False
1083,2026-07-09,organic,enterprise,10,True
1084,2026-07-21,cold_outreach,low,13,False
1085,2026-03-21,event,low,21,False
1086,2026-05-02,organic,enterprise,46,False
1087,2026-04-30,paid_search,mid,26,False
1088,2026-05-25,paid_search,enterprise,22,True
1089,2026-04-09,referral,enterprise,9,False
1090,2026-03-04,paid_search,enterprise,18,False
1091,2026-07-27,event,low,7,False
1092,2026-07-03,cold_outreach,enterprise,14,False
1093,2026-06-16,cold_outreach,low,4,False
1094,2026-08-08,organic,low,31,False
1095,2026-06-01,cold_outreach,low,7,False
1096,2026-05-30,cold_outreach,low,121,False
1097,2026-02-15,event,low,33,False
1098,2026-06-04,cold_outreach,mid,23,False
1099,2026-04-27,cold_outreach,low,42,False
1100,2026-03-09,organic,mid,10,False
1101,2026-03-27,organic,low,14,False
1102,2026-03-24,organic,enterprise,11,False
1103,2026-05-06,organic,enterprise,58,False
1104,2026-02-18,event,enterprise,29,True
1105,2026-05-29,event,mid,27,False
1106,2026-06-18,paid_search,low,16,False
1107,2026-04-12,organic,enterprise,18,True
1108,2026-05-07,referral,low,27,False
1109,2026-06-09,referral,enterprise,15,False
1110,2026-05-21,paid_search,low,27,False
1111,2026-07-20,organic,mid,12,False
1112,2026-03-01,organic,enterprise,4,True
1113,2026-05-27,event,mid,10,False
1114,2026-04-04,referral,mid,31,False
1115,2026-05-13,referral,enterprise,89,True
1116,2026-04-11,cold_outreach,enterprise,125,False
1117,2026-03-25,paid_search,low,52,False
1118,2026-02-18,organic,enterprise,32,True
1119,2026-03-01,referral,low,117,False
1120,2026-03-04,event,enterprise,30,True
1121,2026-06-10,event,enterprise,10,True
1122,2026-08-02,event,enterprise,7,False
1123,2026-04-13,organic,low,10,False
1124,2026-04-12,event,enterprise,48,True
1125,2026-02-21,cold_outreach,enterprise,21,False
1126,2026-04-02,referral,mid,68,False
1127,2026-07-30,referral,low,111,False
1128,2026-06-19,event,low,42,False
1129,2026-04-19,event,mid,20,False
1130,2026-07-08,event,low,33,False
1131,2026-04-25,paid_search,low,22,False
1132,2026-06-16,event,low,18,False
1133,2026-02-14,referral,low,54,False
1134,2026-05-13,event,low,7,False
1135,2026-05-27,paid_search,mid,110,False
1136,2026-04-02,cold_outreach,low,31,False
1137,2026-03-03,referral,low,61,True
1138,2026-05-14,paid_search,enterprise,33,False
1139,2026-06-23,cold_outreach,enterprise,10,False
1140,2026-06-10,referral,mid,40,False
1141,2026-04-26,event,enterprise,6,False
1142,2026-07-29,cold_outreach,enterprise,26,False
1143,2026-02-21,cold_outreach,mid,11,False
1144,2026-02-20,referral,enterprise,4,True
1145,2026-05-15,event,mid,19,False
1146,2026-07-06,organic,enterprise,99,False
1147,2026-02-28,paid_search,enterprise,5,False
1148,2026-03-01,event,mid,5,False
1149,2026-04-29,referral,low,19,False
1150,2026-07-22,referral,low,28,True
1151,2026-03-09,event,mid,25,False
1152,2026-03-26,organic,mid,2,False
1153,2026-03-21,paid_search,mid,13,False
1154,2026-05-07,paid_search,mid,63,False
1155,2026-03-25,organic,low,7,False
1156,2026-04-20,referral,enterprise,2,False
1157,2026-02-18,organic,enterprise,20,True
1158,2026-04-11,referral,mid,40,False
1159,2026-04-13,organic,mid,21,False
1160,2026-06-30,organic,mid,23,False
1161,2026-07-14,cold_outreach,enterprise,26,False
1162,2026-04-14,event,mid,29,False
1163,2026-04-08,cold_outreach,low,68,False
1164,2026-05-07,referral,mid,3,False
1165,2026-03-21,referral,low,31,False
1166,2026-02-27,event,mid,21,False
1167,2026-03-25,paid_search,low,5,False
1168,2026-08-03,paid_search,enterprise,3,True
1169,2026-07-22,referral,mid,6,False
1170,2026-07-21,referral,low,22,False
1171,2026-02-21,referral,low,4,False
1172,2026-03-03,organic,enterprise,6,False
1173,2026-03-15,referral,enterprise,89,True
1174,2026-03-05,referral,mid,4,False
1175,2026-05-26,organic,low,38,False
1176,2026-06-01,event,enterprise,10,False
1177,2026-02-17,organic,low,23,True
1178,2026-03-24,event,low,13,False
1179,2026-02-18,organic,enterprise,95,False
1180,2026-05-16,paid_search,low,89,False
1181,2026-02-25,event,low,36,True
1182,2026-04-06,organic,mid,49,False
1183,2026-02-19,organic,low,14,False
1184,2026-08-04,referral,mid,13,False
1185,2026-04-07,organic,mid,159,False
1186,2026-03-06,cold_outreach,enterprise,52,False
1187,2026-03-24,cold_outreach,mid,7,False
1188,2026-03-23,paid_search,mid,19,False
1189,2026-07-13,organic,low,15,False
1190,2026-07-03,organic,low,11,False
1191,2026-06-08,event,low,3,False
1192,2026-07-03,cold_outreach,enterprise,45,False
1193,2026-05-04,event,low,14,False
1194,2026-06-28,organic,mid,16,False
1195,2026-07-01,referral,enterprise,70,False
1196,2026-07-31,cold_outreach,mid,8,False
1197,2026-03-13,organic,enterprise,66,False
1198,2026-06-16,referral,enterprise,49,True
1199,2026-05-21,paid_search,enterprise,19,False
1200,2026-05-18,organic,mid,50,False
1201,2026-05-30,referral,low,202,False
1202,2026-02-22,organic,mid,70,False
1203,2026-04-11,referral,low,12,False
1204,2026-02-11,cold_outreach,mid,18,False
1205,2026-07-20,referral,mid,46,False
1206,2026-02-25,referral,low,18,False
1207,2026-03-02,event,low,14,False
1208,2026-07-26,cold_outreach,mid,10,False
1209,2026-04-16,event,mid,2,False
1210,2026-02-10,cold_outreach,mid,29,False
1211,2026-02-22,cold_outreach,low,54,False
1212,2026-06-12,referral,enterprise,22,False
1213,2026-02-20,referral,enterprise,79,True
1214,2026-07-21,cold_outreach,enterprise,13,False
1215,2026-03-30,organic,low,11,False
1216,2026-07-20,organic,low,10,False
1217,2026-04-23,event,low,18,False
1218,2026-06-30,cold_outreach,mid,2,False
1219,2026-06-30,referral,enterprise,10,True
1220,2026-06-05,event,low,122,False
1221,2026-04-01,cold_outreach,enterprise,52,False
1222,2026-03-05,cold_outreach,low,12,False
1223,2026-05-31,paid_search,low,35,False
1224,2026-03-29,referral,low,67,False
1225,2026-07-23,paid_search,enterprise,6,False
1226,2026-04-15,cold_outreach,enterprise,6,False
1227,2026-05-22,paid_search,mid,3,False
1228,2026-08-05,referral,mid,43,False
1229,2026-07-15,organic,mid,21,False
1230,2026-05-04,referral,mid,33,False
1231,2026-06-03,organic,enterprise,10,True
1232,2026-06-02,referral,mid,163,False
1233,2026-06-28,event,low,9,False
1234,2026-04-03,cold_outreach,enterprise,2,False
1235,2026-06-04,organic,mid,6,False
1236,2026-04-27,paid_search,low,246,True
1237,2026-07-18,cold_outreach,enterprise,26,False
1238,2026-02-19,event,low,5,False
1239,2026-02-17,cold_outreach,enterprise,4,False
1240,2026-04-03,referral,mid,23,False
1241,2026-05-17,event,low,39,False
1242,2026-07-16,referral,enterprise,57,True
1243,2026-05-30,referral,mid,88,False
1244,2026-04-27,paid_search,enterprise,22,False
1245,2026-05-16,cold_outreach,enterprise,24,False
1246,2026-07-11,paid_search,low,65,False
1247,2026-06-17,cold_outreach,low,6,False
1248,2026-02-26,cold_outreach,low,8,False
1249,2026-05-29,organic,mid,24,True
1250,2026-05-20,paid_search,mid,15,False
1251,2026-05-30,cold_outreach,low,12,False
1252,2026-06-22,referral,mid,97,False
1253,2026-04-09,paid_search,mid,99,False
1254,2026-07-16,event,mid,19,False
1255,2026-04-26,organic,low,33,False
1256,2026-04-06,paid_search,enterprise,145,False
1257,2026-02-24,referral,low,146,False
1258,2026-05-10,organic,mid,41,False
1259,2026-04-24,referral,low,6,False
1260,2026-03-05,organic,low,29,False
1261,2026-08-05,cold_outreach,low,13,False
1262,2026-06-09,organic,enterprise,2,False
1263,2026-03-01,paid_search,mid,52,False
1264,2026-03-06,paid_search,enterprise,19,True
1265,2026-07-29,organic,mid,7,False
1266,2026-06-03,organic,mid,4,False
1267,2026-05-07,event,enterprise,10,False
1268,2026-05-21,organic,low,11,False
1269,2026-02-10,event,enterprise,126,False
1270,2026-05-21,organic,low,3,False
1271,2026-06-15,referral,low,60,False
1272,2026-07-10,event,enterprise,8,False
1273,2026-03-25,referral,mid,81,False
1274,2026-04-06,paid_search,low,59,False
1275,2026-07-23,referral,low,35,False
1276,2026-02-21,cold_outreach,low,22,False
1277,2026-06-15,paid_search,enterprise,22,False
1278,2026-06-23,referral,mid,5,False
1279,2026-06-24,paid_search,mid,92,False
1280,2026-03-22,organic,low,51,False
1281,2026-02-18,paid_search,low,6,False
1282,2026-06-09,paid_search,low,25,False
1283,2026-03-31,cold_outreach,low,33,False
1284,2026-04-27,cold_outreach,mid,34,False
1285,2026-06-12,organic,low,21,False
1286,2026-07-08,paid_search,mid,24,False
1287,2026-03-25,referral,low,62,False
1288,2026-08-01,paid_search,mid,4,False
1289,2026-02-18,referral,mid,270,False
1290,2026-05-02,cold_outreach,mid,2,False
1291,2026-05-26,organic,mid,11,False
1292,2026-04-18,cold_outreach,mid,26,False
1293,2026-03-26,event,low,68,False
1294,2026-06-28,organic,enterprise,78,False
1295,2026-05-15,referral,enterprise,30,False
1296,2026-06-13,event,low,3,False
1297,2026-07-24,paid_search,mid,3,False
1298,2026-07-15,referral,enterprise,12,False
1299,2026-05-01,organic,enterprise,23,False
1300,2026-06-30,organic,enterprise,29,True
1301,2026-07-24,event,enterprise,30,False
1302,2026-04-13,referral,mid,27,True
1303,2026-07-05,paid_search,low,9,False
1304,2026-03-23,cold_outreach,low,12,False
1305,2026-04-14,cold_outreach,low,54,True
1306,2026-04-17,organic,enterprise,12,True
1307,2026-03-05,event,enterprise,7,True
1308,2026-04-25,paid_search,mid,65,True
1309,2026-04-22,paid_search,mid,10,False
1310,2026-02-13,referral,enterprise,3,False
1311,2026-04-14,paid_search,enterprise,213,False
1312,2026-05-11,cold_outreach,enterprise,15,True
1313,2026-04-20,organic,low,53,False
1314,2026-02-28,cold_outreach,low,17,False
1315,2026-04-02,event,low,20,False
1316,2026-07-27,referral,low,11,False
1317,2026-06-02,organic,low,77,False
1318,2026-06-14,paid_search,mid,20,False
1319,2026-05-26,event,mid,27,True
1320,2026-05-15,referral,enterprise,26,True
1321,2026-03-10,paid_search,low,18,False
1322,2026-02-14,paid_search,low,48,False
1323,2026-04-25,cold_outreach,enterprise,11,False
1324,2026-02-22,cold_outreach,low,60,True
1325,2026-07-10,event,low,8,False
1326,2026-04-13,paid_search,low,18,False
1327,2026-04-09,cold_outreach,enterprise,6,False
1328,2026-04-08,organic,mid,5,False
1329,2026-03-06,referral,enterprise,17,False
1330,2026-06-08,paid_search,low,21,False
1331,2026-06-28,cold_outreach,low,22,False
1332,2026-07-06,paid_search,enterprise,16,False
1333,2026-07-21,event,enterprise,15,False
1334,2026-07-30,event,mid,62,True
1335,2026-05-16,referral,mid,11,False
1336,2026-06-17,event,enterprise,32,False
1337,2026-07-13,paid_search,enterprise,30,False
1338,2026-04-16,event,low,84,False
1339,2026-06-15,event,low,30,False
1340,2026-07-04,cold_outreach,mid,173,False
1341,2026-04-05,event,mid,66,False
1342,2026-03-02,organic,mid,16,False
1343,2026-07-04,organic,enterprise,6,True
1344,2026-07-23,organic,low,6,False
1345,2026-03-23,organic,enterprise,74,False
1346,2026-03-07,event,enterprise,33,True
1347,2026-08-02,paid_search,mid,41,False
1348,2026-06-02,cold_outreach,low,8,False
1349,2026-04-24,referral,enterprise,28,False
1350,2026-06-15,cold_outreach,mid,1,False
1351,2026-02-13,cold_outreach,mid,53,False
1352,2026-05-13,event,enterprise,22,False
1353,2026-06-28,paid_search,enterprise,3,False
1354,2026-07-16,cold_outreach,enterprise,13,False
1355,2026-07-14,referral,low,17,False
1356,2026-07-04,event,enterprise,10,False
1357,2026-06-08,referral,mid,73,False
1358,2026-02-14,cold_outreach,enterprise,7,False
1359,2026-07-17,referral,enterprise,21,False
1360,2026-04-01,organic,low,3,False
1361,2026-03-19,cold_outreach,low,7,False
1362,2026-08-06,referral,enterprise,104,True
1363,2026-04-10,organic,low,32,False
1364,2026-02-16,referral,enterprise,18,False
1365,2026-07-14,referral,enterprise,15,False
1366,2026-07-03,cold_outreach,mid,4,False
1367,2026-05-11,organic,enterprise,8,False
1368,2026-05-25,paid_search,mid,12,False
1369,2026-07-14,referral,mid,19,True
1370,2026-04-21,organic,enterprise,10,False
1371,2026-05-17,cold_outreach,low,14,False
1372,2026-06-16,referral,enterprise,21,False
1373,2026-07-24,cold_outreach,low,70,False
1374,2026-04-25,referral,mid,13,False
1375,2026-04-19,event,low,14,False
1376,2026-02-28,cold_outreach,mid,55,False
1377,2026-07-08,event,enterprise,43,False
1378,2026-03-15,event,low,6,False
1379,2026-04-29,referral,low,38,False
1380,2026-04-06,cold_outreach,mid,217,False
1381,2026-03-28,referral,low,18,False
1382,2026-04-08,event,enterprise,18,False
1383,2026-05-04,organic,mid,48,True
1384,2026-03-12,organic,low,197,False
1385,2026-05-27,paid_search,low,42,True
1386,2026-03-20,paid_search,low,25,False
1387,2026-05-10,event,low,23,False
1388,2026-03-23,organic,mid,19,True
1389,2026-04-12,event,low,56,False
1390,2026-05-31,referral,low,5,False
1391,2026-07-07,cold_outreach,low,11,False
1392,2026-02-24,event,low,65,False
1393,2026-06-30,paid_search,mid,3,False
1394,2026-03-26,paid_search,enterprise,23,True
1395,2026-04-24,organic,mid,290,False
1396,2026-07-16,paid_search,low,26,False
1397,2026-07-20,referral,enterprise,30,True
1398,2026-06-23,cold_outreach,enterprise,22,False
1399,2026-05-07,paid_search,enterprise,152,False
1400,2026-03-28,cold_outreach,low,16,False
1401,2026-02-18,paid_search,mid,22,False
1402,2026-06-08,referral,mid,12,False
1403,2026-07-01,paid_search,enterprise,9,True
1404,2026-06-28,organic,enterprise,7,False
1405,2026-07-20,referral,low,23,False
1406,2026-07-17,referral,enterprise,4,True
1407,2026-04-24,paid_search,enterprise,33,False
1408,2026-03-04,cold_outreach,low,8,False
1409,2026-04-11,event,enterprise,9,False
1410,2026-05-13,event,mid,10,False
1411,2026-07-23,referral,enterprise,9,False
1412,2026-04-11,paid_search,mid,13,False
1413,2026-08-03,paid_search,enterprise,3,True
1414,2026-07-09,event,enterprise,19,False
1415,2026-06-17,referral,mid,20,True
1416,2026-03-07,event,mid,68,False
1417,2026-06-22,referral,enterprise,42,False
1418,2026-05-15,paid_search,mid,5,False
1419,2026-04-06,organic,enterprise,10,False
1420,2026-04-26,paid_search,enterprise,2,False
1421,2026-04-27,paid_search,low,56,False
1422,2026-05-10,referral,mid,61,False
1423,2026-06-07,event,mid,12,False
1424,2026-07-10,event,mid,37,False
1425,2026-04-21,cold_outreach,mid,13,False
1426,2026-06-26,referral,low,3,False
1427,2026-06-18,paid_search,low,24,True
1428,2026-02-16,paid_search,low,23,False
1429,2026-04-01,organic,enterprise,39,False
1430,2026-07-11,paid_search,enterprise,26,False
1431,2026-05-20,referral,mid,9,False
1432,2026-03-22,referral,mid,3,False
1433,2026-04-14,organic,low,100,False
1434,2026-04-03,organic,enterprise,97,False
1435,2026-04-20,paid_search,mid,112,False
1436,2026-02-20,paid_search,enterprise,20,False
1437,2026-05-24,cold_outreach,enterprise,15,False
1438,2026-07-02,cold_outreach,mid,44,False
1439,2026-06-02,organic,low,26,False
1440,2026-04-09,event,low,19,False
1441,2026-08-02,referral,enterprise,111,True
1442,2026-07-12,organic,mid,11,False
1443,2026-06-06,organic,low,7,True
1444,2026-05-21,referral,low,3,False
1445,2026-06-25,paid_search,low,7,False
1446,2026-04-26,paid_search,low,2,False
1447,2026-06-21,cold_outreach,enterprise,59,False
1448,2026-07-23,event,enterprise,25,False
1449,2026-04-11,paid_search,enterprise,12,False
1450,2026-05-11,event,low,28,False
1451,2026-06-28,cold_outreach,enterprise,15,True
1452,2026-03-16,organic,enterprise,26,False
1453,2026-06-01,event,mid,62,True
1454,2026-04-10,event,low,199,False
1455,2026-02-11,event,mid,34,False
1456,2026-07-18,event,enterprise,10,False
1457,2026-03-26,paid_search,enterprise,18,False
1458,2026-05-31,organic,enterprise,12,False
1459,2026-07-04,cold_outreach,low,23,False
1460,2026-06-14,organic,mid,45,False
1461,2026-07-07,organic,low,4,False
1462,2026-04-23,event,low,7,False
1463,2026-02-17,organic,enterprise,75,False
1464,2026-03-17,paid_search,low,17,False
1465,2026-07-05,organic,enterprise,37,False
1466,2026-03-16,cold_outreach,low,9,False
1467,2026-03-05,event,low,12,False
1468,2026-05-12,event,low,3,False
1469,2026-05-28,paid_search,low,5,False
1470,2026-07-08,event,low,27,False
1471,2026-06-10,event,mid,15,False
1472,2026-03-28,event,low,7,False
1473,2026-03-06,paid_search,enterprise,4,False
1474,2026-06-09,cold_outreach,mid,8,False
1475,2026-04-18,referral,low,26,False
1476,2026-07-14,event,low,17,False
1477,2026-07-27,event,mid,32,False
1478,2026-06-07,organic,mid,19,False
1479,2026-07-16,cold_outreach,mid,5,False
1480,2026-06-22,referral,enterprise,5,False
1481,2026-07-08,paid_search,low,16,False
1482,2026-04-01,cold_outreach,mid,17,False
1483,2026-08-01,event,enterprise,48,False
1484,2026-04-11,organic,enterprise,193,False
1485,2026-05-16,cold_outreach,low,2,False
1486,2026-07-10,paid_search,mid,13,True
1487,2026-05-06,organic,mid,58,False
1488,2026-03-19,cold_outreach,enterprise,9,False
1489,2026-07-03,organic,mid,5,False
1490,2026-07-11,paid_search,enterprise,97,False
1491,2026-04-12,referral,low,35,False
1492,2026-03-17,organic,low,6,False
1493,2026-07-24,event,mid,21,False
1494,2026-02-28,cold_outreach,mid,72,False
1495,2026-03-12,cold_outreach,low,5,False
1496,2026-05-15,referral,low,2,False
1497,2026-03-08,organic,enterprise,4,False
1498,2026-03-06,referral,mid,13,False
1499,2026-04-29,paid_search,enterprise,7,True
1500,2026-06-13,event,low,18,False
1501,2026-07-09,organic,enterprise,29,False
1502,2026-05-03,event,mid,17,False
1503,2026-02-12,referral,enterprise,1,True
1504,2026-04-15,event,enterprise,39,False
1505,2026-06-23,paid_search,mid,39,False
1506,2026-02-26,organic,mid,19,True
1507,2026-03-27,referral,mid,17,False
1508,2026-06-30,paid_search,enterprise,14,False
1509,2026-07-01,paid_search,low,25,False
1510,2026-03-07,organic,enterprise,28,False
1511,2026-03-15,referral,enterprise,23,True
1512,2026-07-14,paid_search,low,20,True
1513,2026-03-16,event,enterprise,9,False
1514,2026-02-21,referral,enterprise,138,False
1515,2026-02-26,cold_outreach,low,14,False
1516,2026-03-21,referral,enterprise,8,True
1517,2026-05-26,paid_search,low,164,False
1518,2026-07-12,paid_search,enterprise,13,False
1519,2026-03-23,paid_search,low,148,False
1520,2026-06-26,organic,low,7,False
1521,2026-06-30,event,enterprise,31,False
1522,2026-07-23,paid_search,enterprise,38,True
1523,2026-02-17,organic,mid,23,False
1524,2026-05-19,cold_outreach,enterprise,10,False
1525,2026-06-25,organic,enterprise,11,True
1526,2026-03-25,cold_outreach,low,98,False
1527,2026-08-04,cold_outreach,mid,12,False
1528,2026-02-16,referral,mid,58,False
1529,2026-07-03,event,enterprise,60,True
1530,2026-03-27,referral,low,10,False
1531,2026-06-01,event,mid,34,False
1532,2026-02-28,organic,enterprise,13,False
1533,2026-02-12,referral,low,38,False
1534,2026-07-05,cold_outreach,mid,9,False
1535,2026-07-29,referral,enterprise,18,False
1536,2026-06-23,event,mid,3,False
1537,2026-05-06,cold_outreach,mid,74,False
1538,2026-03-24,organic,enterprise,6,True
1539,2026-05-29,organic,enterprise,4,False
1540,2026-03-26,referral,mid,3,False
1541,2026-04-06,event,low,21,False
1542,2026-03-27,referral,mid,7,False
1543,2026-05-16,paid_search,enterprise,7,False
1544,2026-07-05,referral,low,16,False
1545,2026-04-19,referral,low,11,False
1546,2026-05-17,organic,enterprise,3,False
1547,2026-02-16,paid_search,enterprise,14,True
1548,2026-05-31,referral,mid,3,False
1549,2026-05-29,cold_outreach,low,76,False
1550,2026-03-24,paid_search,low,5,False
1551,2026-08-05,paid_search,enterprise,26,False
1552,2026-07-18,cold_outreach,enterprise,81,False
1553,2026-05-16,organic,mid,2,False
1554,2026-05-11,cold_outreach,enterprise,15,False
1555,2026-04-25,cold_outreach,mid,2,False
1556,2026-05-26,paid_search,mid,9,False
1557,2026-05-01,organic,low,16,False
1558,2026-04-27,referral,enterprise,32,False
1559,2026-07-11,paid_search,enterprise,10,True
1560,2026-03-24,referral,low,41,False
1561,2026-06-13,referral,mid,10,False
1562,2026-02-15,referral,mid,19,False
1563,2026-06-27,cold_outreach,mid,126,False
1564,2026-03-24,cold_outreach,enterprise,12,False
1565,2026-05-26,cold_outreach,enterprise,7,False
1566,2026-05-05,event,low,217,False
1567,2026-06-28,cold_outreach,mid,2,False
1568,2026-05-02,referral,low,14,False
1569,2026-05-28,paid_search,low,4,False
1570,2026-03-08,organic,enterprise,25,False
1571,2026-06-18,cold_outreach,low,39,False
1572,2026-04-11,paid_search,enterprise,14,False
1573,2026-04-12,cold_outreach,enterprise,20,False
1574,2026-08-04,organic,enterprise,41,False
1575,2026-05-01,paid_search,mid,22,False
1576,2026-05-01,event,low,12,False
1577,2026-04-20,organic,low,16,False
1578,2026-04-08,paid_search,low,13,False
1579,2026-02-16,referral,enterprise,33,False
1580,2026-07-04,referral,mid,5,False
1581,2026-07-02,organic,low,13,False
1582,2026-04-02,event,mid,13,False
1583,2026-06-04,referral,low,20,False
1584,2026-02-17,cold_outreach,low,40,False
1585,2026-07-07,event,low,19,False
1586,2026-06-06,event,low,18,False
1587,2026-03-30,cold_outreach,mid,22,False
1588,2026-08-01,paid_search,mid,10,False
1589,2026-05-09,event,enterprise,11,True
1590,2026-07-29,organic,mid,163,False
1591,2026-07-23,cold_outreach,enterprise,36,False
1592,2026-03-07,event,mid,8,False
1593,2026-03-14,organic,low,57,False
1594,2026-04-09,organic,enterprise,14,False
1595,2026-06-25,referral,enterprise,77,False
1596,2026-06-26,referral,low,39,False
1597,2026-04-26,event,low,8,False
1598,2026-06-30,event,mid,47,False
1599,2026-03-26,event,enterprise,5,False
1600,2026-03-15,organic,enterprise,7,False
1601,2026-05-28,referral,mid,38,False
1602,2026-07-27,paid_search,mid,4,False
1603,2026-05-25,paid_search,enterprise,60,True
1604,2026-02-22,paid_search,mid,180,False
1605,2026-06-27,organic,mid,118,True
1606,2026-03-25,organic,low,17,False
1607,2026-04-08,paid_search,low,16,False
1608,2026-04-01,referral,low,39,False
1609,2026-03-16,event,enterprise,13,True
1610,2026-02-10,referral,enterprise,36,False
1611,2026-07-19,event,low,149,False
1612,2026-03-11,cold_outreach,mid,12,False
1613,2026-07-26,organic,enterprise,49,False
1614,2026-02-16,paid_search,enterprise,3,True
1615,2026-06-29,paid_search,low,39,False
1616,2026-07-18,event,enterprise,9,True
1617,2026-05-13,paid_search,enterprise,11,False
1618,2026-02-22,paid_search,mid,1,False
1619,2026-04-19,paid_search,mid,65,True
1620,2026-03-29,paid_search,mid,53,True
1621,2026-08-07,cold_outreach,enterprise,9,False
1622,2026-06-08,organic,mid,28,True
1623,2026-03-09,paid_search,enterprise,41,False
1624,2026-02-25,organic,enterprise,16,True
1625,2026-04-13,referral,low,13,False
1626,2026-04-10,organic,low,104,False
1627,2026-02-10,organic,low,6,False
1628,2026-07-10,organic,enterprise,13,False
1629,2026-02-16,paid_search,low,8,False
1630,2026-05-05,referral,mid,96,True
1631,2026-06-01,paid_search,enterprise,7,False
1632,2026-02-19,referral,low,14,False
1633,2026-06-06,organic,enterprise,26,True
1634,2026-04-15,organic,mid,89,False
1635,2026-05-31,organic,mid,10,False
1636,2026-02-21,paid_search,enterprise,8,False
1637,2026-04-16,referral,mid,21,False
1638,2026-03-18,event,mid,15,False
1639,2026-05-27,paid_search,mid,9,False
1640,2026-04-24,event,low,11,False
1641,2026-07-21,cold_outreach,mid,24,False
1642,2026-07-09,organic,enterprise,24,False
1643,2026-07-11,referral,mid,78,False
1644,2026-06-19,organic,enterprise,10,False
1645,2026-07-09,organic,enterprise,30,False
1646,2026-08-07,referral,mid,8,False
1647,2026-03-16,event,enterprise,25,False
1648,2026-06-17,organic,mid,21,False
1649,2026-02-19,paid_search,enterprise,12,False
1650,2026-06-25,event,low,23,True
1651,2026-06-12,organic,mid,45,False
1652,2026-03-04,cold_outreach,low,15,False
1653,2026-06-10,paid_search,mid,187,False
1654,2026-07-10,cold_outreach,enterprise,6,False
1655,2026-08-06,cold_outreach,mid,446,False
1656,2026-05-20,cold_outreach,low,16,False
1657,2026-03-07,cold_outreach,low,5,False
1658,2026-06-16,paid_search,mid,13,False
1659,2026-02-11,referral,mid,54,True
1660,2026-04-28,event,mid,10,False
1661,2026-06-05,organic,enterprise,15,False
1662,2026-05-05,event,low,1,False
1663,2026-03-05,event,enterprise,4,False
1664,2026-05-21,event,low,49,False
1665,2026-02-26,cold_outreach,low,10,False
1666,2026-03-08,event,mid,111,False
1667,2026-05-19,organic,mid,8,False
1668,2026-07-13,paid_search,low,4,False
1669,2026-04-11,cold_outreach,enterprise,6,False
1670,2026-04-22,referral,low,14,False
1671,2026-05-08,organic,enterprise,40,False
1672,2026-02-18,organic,enterprise,22,False
1673,2026-06-06,event,enterprise,40,False
1674,2026-02-16,organic,low,6,False
1675,2026-03-13,cold_outreach,low,7,False
1676,2026-07-06,event,mid,30,False
1677,2026-05-17,paid_search,mid,19,False
1678,2026-07-27,event,enterprise,10,False
1679,2026-03-03,referral,mid,10,False
1680,2026-03-21,referral,low,32,False
1681,2026-05-12,cold_outreach,mid,36,False
1682,2026-06-30,referral,enterprise,24,True
1683,2026-05-29,referral,mid,69,False
1684,2026-04-08,organic,low,141,False
1685,2026-05-10,paid_search,mid,10,False
1686,2026-04-23,cold_outreach,mid,12,False
1687,2026-03-13,cold_outreach,mid,8,False
1688,2026-06-22,event,mid,31,False
1689,2026-08-06,referral,mid,16,False
1690,2026-03-12,referral,low,12,False
1691,2026-07-31,event,mid,58,False
1692,2026-06-08,organic,mid,8,False
1693,2026-07-30,referral,low,35,False
1694,2026-02-13,paid_search,enterprise,9,True
1695,2026-07-25,event,low,3,False
1696,2026-03-27,paid_search,enterprise,25,False
1697,2026-05-31,referral,enterprise,7,False
1698,2026-06-14,organic,low,6,False
1699,2026-03-29,organic,enterprise,18,False
1700,2026-07-07,organic,enterprise,14,False
1701,2026-02-28,paid_search,mid,34,False
1702,2026-03-20,organic,enterprise,92,True
1703,2026-02-11,organic,enterprise,34,False
1704,2026-03-26,organic,low,8,False
1705,2026-02-25,referral,low,9,False
1706,2026-04-11,organic,enterprise,27,False
1707,2026-07-31,organic,low,4,False
1708,2026-08-01,event,mid,8,False
1709,2026-05-02,event,enterprise,37,False
1710,2026-07-25,event,enterprise,46,False
1711,2026-02-19,event,mid,38,False
1712,2026-02-24,event,enterprise,13,False
1713,2026-04-20,referral,low,44,False
1714,2026-05-03,organic,enterprise,3,True
1715,2026-06-15,referral,enterprise,50,False
1716,2026-03-27,organic,mid,3,False
1717,2026-03-07,cold_outreach,enterprise,12,False
1718,2026-06-28,referral,low,50,True
1719,2026-03-02,referral,low,26,True
1720,2026-02-26,event,enterprise,19,True
1721,2026-04-26,organic,low,8,False
1722,2026-03-30,organic,mid,21,False
1723,2026-07-11,paid_search,mid,150,False
1724,2026-06-22,cold_outreach,mid,79,False
1725,2026-05-21,cold_outreach,enterprise,87,True
1726,2026-07-05,event,low,11,False
1727,2026-05-12,organic,low,30,False
1728,2026-02-22,event,low,9,True
1729,2026-05-25,cold_outreach,mid,7,True
1730,2026-06-27,referral,enterprise,70,False
1731,2026-05-27,event,low,22,True
1732,2026-02-12,cold_outreach,low,11,False
1733,2026-07-14,cold_outreach,mid,50,False
1734,2026-02-10,organic,low,8,False
1735,2026-04-01,organic,mid,10,True
1736,2026-06-17,organic,enterprise,14,False
1737,2026-05-03,referral,low,33,False
1738,2026-03-30,cold_outreach,low,11,False
1739,2026-05-03,organic,enterprise,100,True
1740,2026-08-04,cold_outreach,low,93,False
1741,2026-04-16,event,mid,23,False
1742,2026-06-04,organic,enterprise,19,False
1743,2026-06-17,organic,low,79,False
1744,2026-05-26,cold_outreach,mid,22,False
1745,2026-05-23,event,mid,5,False
1746,2026-02-27,organic,mid,74,False
1747,2026-04-15,referral,mid,2,False
1748,2026-04-13,referral,mid,22,False
1749,2026-03-19,organic,enterprise,6,False
1750,2026-05-13,cold_outreach,mid,8,False
1751,2026-03-19,event,mid,3,True
1752,2026-06-12,paid_search,enterprise,9,False
1753,2026-05-25,cold_outreach,enterprise,24,False
1754,2026-03-04,paid_search,enterprise,8,True
1755,2026-07-14,cold_outreach,low,18,False
1756,2026-08-06,paid_search,enterprise,29,False
1757,2026-07-02,referral,low,28,False
1758,2026-08-05,organic,mid,2,False
1759,2026-02-19,event,mid,14,False
1760,2026-03-19,organic,enterprise,29,False
1761,2026-03-13,referral,mid,16,False
1762,2026-05-30,paid_search,enterprise,20,True
1763,2026-07-05,cold_outreach,mid,29,False
1764,2026-04-25,cold_outreach,enterprise,29,False
1765,2026-05-15,organic,mid,11,True
1766,2026-06-05,cold_outreach,low,116,False
1767,2026-03-03,event,low,5,False
1768,2026-06-25,cold_outreach,low,12,False
1769,2026-05-04,organic,mid,31,False
1770,2026-07-27,referral,enterprise,11,False
1771,2026-04-02,event,low,60,False
1772,2026-06-18,event,mid,70,False
1773,2026-03-30,cold_outreach,low,2,False
1774,2026-06-10,organic,low,6,False
1775,2026-07-23,cold_outreach,low,14,False
1776,2026-03-06,cold_outreach,mid,34,False
1777,2026-04-26,event,mid,19,False
1778,2026-04-24,referral,enterprise,30,True
1779,2026-04-12,organic,mid,10,False
1780,2026-06-17,organic,low,32,False
1781,2026-05-26,event,enterprise,36,False
1782,2026-07-03,paid_search,low,12,False
1783,2026-02-26,referral,low,10,False
1784,2026-03-31,event,low,37,False
1785,2026-05-31,referral,low,23,False
1786,2026-05-14,referral,mid,31,True
1787,2026-03-26,organic,mid,20,False
1788,2026-05-24,cold_outreach,enterprise,38,False
1789,2026-03-13,organic,low,16,False
1790,2026-05-14,cold_outreach,enterprise,9,False
1791,2026-08-05,organic,enterprise,11,False
1792,2026-03-31,event,low,64,False
1793,2026-07-11,paid_search,mid,11,False
1794,2026-08-02,referral,enterprise,29,False
1795,2026-03-11,paid_search,enterprise,1,False
1796,2026-07-15,referral,low,12,False
1797,2026-07-21,paid_search,mid,44,False
1798,2026-03-23,paid_search,low,10,False
1799,2026-03-30,paid_search,mid,17,False
1800,2026-04-02,cold_outreach,mid,14,False
1801,2026-04-21,referral,enterprise,29,False
1802,2026-03-19,organic,low,17,False
1803,2026-05-15,paid_search,low,4,False
1804,2026-06-13,event,enterprise,11,False
1805,2026-04-05,referral,mid,20,False
1806,2026-06-24,event,enterprise,12,False
1807,2026-05-20,cold_outreach,mid,62,False
1808,2026-03-02,paid_search,mid,19,False
1809,2026-05-26,referral,enterprise,4,False
1810,2026-04-30,referral,mid,21,True
1811,2026-05-23,event,low,17,False
1812,2026-06-11,organic,mid,93,False
1813,2026-03-20,referral,mid,45,False
1814,2026-06-08,cold_outreach,enterprise,74,False
1815,2026-06-08,organic,enterprise,52,False
1816,2026-03-16,referral,mid,28,False
1817,2026-07-12,organic,low,10,False
1818,2026-06-29,paid_search,low,11,False
1819,2026-04-21,organic,enterprise,5,False
1820,2026-07-19,event,enterprise,42,False
1821,2026-06-29,event,low,5,False
1822,2026-03-07,organic,enterprise,100,False
1823,2026-03-29,event,mid,6,False
1824,2026-02-28,organic,mid,5,True
1825,2026-04-14,paid_search,enterprise,33,False
1826,2026-03-10,event,low,199,False
1827,2026-04-14,event,mid,14,False
1828,2026-07-22,referral,mid,9,False
1829,2026-04-30,cold_outreach,low,7,True
1830,2026-07-28,referral,low,10,False
1831,2026-06-04,event,low,33,False
1832,2026-02-11,organic,enterprise,7,False
1833,2026-05-24,cold_outreach,enterprise,32,False
1834,2026-04-25,referral,enterprise,6,False
1835,2026-04-11,cold_outreach,enterprise,12,False
1836,2026-06-22,referral,enterprise,40,False
1837,2026-02-12,referral,mid,113,False
1838,2026-07-14,cold_outreach,enterprise,7,False
1839,2026-06-08,cold_outreach,mid,5,False
1840,2026-07-15,cold_outreach,low,35,False
1841,2026-05-28,event,enterprise,29,False
1842,2026-03-23,organic,low,13,False
1843,2026-03-29,event,low,10,False
1844,2026-03-10,referral,mid,22,True
1845,2026-06-17,organic,enterprise,4,False
1846,2026-06-13,organic,low,24,False
1847,2026-05-28,event,mid,29,False
1848,2026-02-17,paid_search,low,13,False
1849,2026-03-15,cold_outreach,low,30,False
1850,2026-07-09,organic,enterprise,19,False
1851,2026-05-17,paid_search,mid,2,False
1852,2026-06-07,cold_outreach,mid,8,False
1853,2026-04-18,cold_outreach,low,13,False
1854,2026-04-20,event,mid,4,False
1855,2026-07-14,organic,low,36,False
1856,2026-06-23,referral,mid,6,True
1857,2026-04-13,referral,enterprise,29,True
1858,2026-04-11,cold_outreach,low,3,False
1859,2026-03-21,referral,enterprise,9,False
1860,2026-05-16,referral,enterprise,7,False
1861,2026-06-25,organic,low,22,False
1862,2026-05-21,cold_outreach,low,24,False
1863,2026-04-27,event,mid,8,False
1864,2026-06-29,cold_outreach,enterprise,241,False
1865,2026-07-10,paid_search,low,31,True
1866,2026-04-13,paid_search,low,237,False
1867,2026-04-22,organic,enterprise,23,False
1868,2026-04-25,paid_search,low,11,False
1869,2026-02-18,referral,low,9,True
1870,2026-07-01,referral,mid,52,False
1871,2026-07-12,referral,mid,8,False
1872,2026-04-11,event,low,69,False
1873,2026-04-11,referral,enterprise,8,True
1874,2026-07-18,event,low,16,True
1875,2026-04-21,paid_search,enterprise,40,False
1876,2026-07-01,paid_search,mid,39,False
1877,2026-08-08,organic,low,197,False
1878,2026-04-12,organic,mid,3,False
1879,2026-03-11,organic,low,85,False
1880,2026-03-01,paid_search,mid,141,False
1881,2026-05-30,paid_search,enterprise,11,False
1882,2026-02-21,cold_outreach,enterprise,5,False
1883,2026-04-28,cold_outreach,low,6,False
1884,2026-06-06,organic,mid,13,False
1885,2026-06-07,referral,enterprise,41,False
1886,2026-04-15,organic,low,8,False
1887,2026-06-19,paid_search,low,22,False
1888,2026-06-28,organic,mid,5,False
1889,2026-03-07,cold_outreach,mid,11,False
1890,2026-03-01,referral,enterprise,108,False
1891,2026-05-19,event,enterprise,22,False
1892,2026-05-27,organic,mid,13,False
1893,2026-05-04,event,mid,83,False
1894,2026-07-13,paid_search,low,38,False
1895,2026-05-09,referral,enterprise,8,False
1896,2026-02-28,organic,mid,24,False
1897,2026-07-12,event,low,17,False
1898,2026-06-18,event,low,70,False
1899,2026-04-23,paid_search,mid,29,False
1900,2026-05-30,event,low,7,False
1901,2026-07-06,event,enterprise,10,True
1902,2026-05-08,event,enterprise,8,False
1903,2026-05-05,paid_search,enterprise,31,False
1904,2026-05-23,paid_search,low,51,False
1905,2026-03-17,event,mid,11,False
1906,2026-04-12,event,enterprise,2,False
1907,2026-07-18,referral,mid,61,False
1908,2026-04-25,referral,mid,48,False
1909,2026-04-08,event,mid,18,False
1910,2026-06-01,paid_search,enterprise,141,False
1911,2026-02-19,cold_outreach,mid,46,False
1912,2026-06-28,cold_outreach,low,23,False
1913,2026-03-27,cold_outreach,enterprise,11,False
1914,2026-05-30,paid_search,enterprise,21,True
1915,2026-06-09,organic,mid,37,False
1916,2026-04-22,paid_search,enterprise,153,True
1917,2026-07-08,organic,low,30,False
1918,2026-07-05,cold_outreach,enterprise,13,False
1919,2026-05-18,event,low,8,False
1920,2026-06-09,referral,enterprise,85,False
1921,2026-04-02,organic,low,13,False
1922,2026-04-20,event,low,6,False
1923,2026-04-07,event,enterprise,28,False
1924,2026-03-03,referral,low,15,False
1925,2026-05-22,event,mid,31,False
1926,2026-03-25,paid_search,mid,57,False
1927,2026-05-16,event,enterprise,58,False
1928,2026-08-02,paid_search,enterprise,21,False
1929,2026-02-13,referral,enterprise,1,False
1930,2026-05-27,cold_outreach,low,37,False
1931,2026-06-11,organic,low,6,False
1932,2026-05-10,organic,low,19,False
1933,2026-03-06,organic,low,34,False
1934,2026-05-23,cold_outreach,low,2,False
1935,2026-07-05,event,mid,31,True
1936,2026-05-05,referral,low,13,True
1937,2026-05-14,organic,low,28,False
1938,2026-05-26,paid_search,mid,35,False
1939,2026-05-21,organic,mid,6,False
1940,2026-08-05,event,enterprise,10,True
1941,2026-02-28,cold_outreach,low,15,False
1942,2026-03-24,paid_search,enterprise,17,False
1943,2026-04-13,cold_outreach,low,12,False
1944,2026-06-10,referral,mid,10,False
1945,2026-03-26,event,low,18,False
1946,2026-03-11,referral,enterprise,7,False
1947,2026-03-05,event,mid,34,True
1948,2026-05-25,event,enterprise,60,False
1949,2026-07-26,event,mid,82,True
1950,2026-07-19,referral,mid,41,False
1951,2026-06-22,organic,enterprise,15,False
1952,2026-07-08,referral,mid,48,False
1953,2026-08-03,event,low,24,False
1954,2026-02-13,referral,enterprise,6,False
1955,2026-03-14,paid_search,enterprise,8,False
1956,2026-04-21,event,mid,16,False
1957,2026-04-10,cold_outreach,enterprise,25,False
1958,2026-07-20,organic,low,15,False
1959,2026-05-04,event,mid,35,True
1960,2026-08-04,paid_search,mid,34,False
1961,2026-04-25,event,enterprise,9,False
1962,2026-04-14,organic,low,9,False
1963,2026-08-08,referral,low,209,False
1964,2026-03-02,organic,enterprise,4,False
1965,2026-06-16,referral,mid,8,True
1966,2026-05-03,event,low,38,False
1967,2026-04-08,referral,enterprise,45,False
1968,2026-05-27,paid_search,low,10,False
1969,2026-06-20,cold_outreach,mid,3,False
1970,2026-04-23,organic,mid,29,False
1971,2026-03-11,organic,mid,43,True
1972,2026-07-16,referral,low,84,False
1973,2026-06-11,paid_search,mid,12,False
1974,2026-03-02,paid_search,low,10,False
1975,2026-07-09,referral,enterprise,4,True
1976,2026-06-01,organic,mid,55,True
1977,2026-05-31,event,mid,59,True
1978,2026-04-06,cold_outreach,low,67,False
1979,2026-06-11,cold_outreach,mid,10,False
1980,2026-04-25,referral,mid,5,False
1981,2026-03-15,referral,low,25,False
1982,2026-03-13,event,enterprise,12,False
1983,2026-06-29,referral,mid,50,True
1984,2026-05-16,event,low,47,False
1985,2026-06-17,organic,mid,18,False
1986,2026-05-21,organic,enterprise,6,False
1987,2026-07-18,event,low,12,False
1988,2026-02-19,organic,low,146,False
1989,2026-05-04,referral,low,32,False
1990,2026-02-14,event,enterprise,3,False
1991,2026-07-04,organic,low,4,False
1992,2026-07-05,referral,low,19,False
1993,2026-04-14,organic,mid,22,False
1994,2026-05-05,paid_search,enterprise,34,False
1995,2026-04-13,organic,mid,11,False
1996,2026-06-28,referral,mid,18,False
1997,2026-08-05,paid_search,enterprise,49,False
1998,2026-03-13,referral,mid,7,False
1999,2026-04-04,event,mid,12,False
2000,2026-07-30,referral,mid,101,False
